Date,Time,Description
"Tuesday, January 13, 2026","08:30 AM","Consumer Price Index for December 2025"
"Wednesday, February 11, 2026","08:30 AM","Consumer Price Index for January 2026"
"Wednesday, March 11, 2026","08:30 AM","Consumer Price Index for February 2026"
"Friday, April 10, 2026","08:30 AM","Consumer Price Index for March 2026"
"Tuesday, May 12, 2026","08:30 AM","Consumer Price Index for April 2026"
"Wednesday, June 10, 2026","08:30 AM","Consumer Price Index for May 2026"
"Tuesday, July 14, 2026","08:30 AM","Consumer Price Index for June 2026"
"Wednesday, August 12, 2026","08:30 AM","Consumer Price Index for July 2026"
"Friday, September 11, 2026","08:30 AM","Consumer Price Index for August 2026"
"Wednesday, October 14, 2026","08:30 AM","Consumer Price Index for September 2026"
"Tuesday, November 10, 2026","08:30 AM","Consumer Price Index for October 2026"
"Thursday, December 10, 2026","08:30 AM","Consumer Price Index for November 2026"
